student_id,course_id,grade
865,63,B
1416,74,D
3668,49,E
211,63,C
2676,22,D
2389,72,A
3493,8,D
2514,74,E
660,40,E
804,64,D
2826,40,C
1110,44,E
3893,43,A
2550,53,D
2959,36,B
1817,54,A
1627,43,C
798,78,F
302,29,F
927,32,A
2369,51,E
1584,97,E
3696,59,C
4000,65,F
1583,98,D
978,92,D
495,33,A
633,76,E
495,84,B
1616,22,F
3292,62,F
2090,74,F
2124,98,A
1864,41,D
1878,98,F
94,59,B
662,60,E
2660,44,B
251,89,B
2650,21,E
2595,95,E
1256,96,A
1463,88,B
3847,20,E
3641,97,D
3254,17,F
3675,63,E
3823,88,B
965,61,E
2233,7,C
317,88,B
1709,44,F
1268,2,B
1024,66,A
2467,93,D
1742,11,E
1961,27,C
3338,3,A
471,67,A
2028,21,A
1728,60,D
501,27,A
548,40,F
3072,53,F
3695,9,A
835,61,E
302,65,D
2893,71,C
2151,2,A
1441,63,B
2757,84,C
2901,75,A
715,65,E
254,23,F
3513,84,A
299,51,B
3229,78,B
2066,80,F
755,92,A
3513,92,E
2690,56,E
1641,91,F
2621,14,C
3050,89,D
2581,20,E
3978,10,E
340,4,A
2422,66,F
2710,3,B
1218,43,A
3811,66,D
2760,27,C
10,100,A
640,74,F
3344,16,B
965,9,F
2043,10,C
122,32,A
592,90,A
1187,57,C
3848,92,F
562,1,F
753,82,E
3867,61,B
3037,72,A
3377,43,F
3352,30,A
2362,18,D
402,89,C
2370,74,E
1392,56,C
2664,95,D
1039,30,A
3548,90,F
3512,50,C
3015,88,D
1851,92,C
3978,61,C
3753,3,A
2001,69,A
2916,98,B
3973,1,B
3530,63,A
1193,78,A
2356,35,D
6,6,F
2290,29,A
1110,14,D
2018,62,A
2593,34,D
2159,52,F
3765,5,D
65,22,F
3464,86,E
1516,78,D
3478,59,B
2380,56,E
2116,28,C
588,69,C
2990,71,E
2225,6,A
418,24,B
3255,34,A
814,50,B
39,78,E
1708,64,C
1752,1,D
2529,4,B
3586,94,D
945,92,E
1786,86,F
1611,53,A
3994,92,E
3488,89,D
490,21,E
2721,24,F
2979,79,A
1672,26,B
1809,15,A
943,77,C
346,97,F
2396,20,B
1762,95,C
2905,61,E
784,68,E
107,50,E
963,5,A
699,31,D
1726,53,A
1211,21,B
3004,71,A
244,74,A
846,26,D
540,91,C
3868,81,D
3053,6,B
1707,56,A
2657,43,C
618,9,E
3471,18,D
2871,52,E
585,69,B
2293,28,A
551,31,D
3933,49,E
1510,36,C
3951,20,E
3031,15,D
2323,10,E
3321,4,B
1332,94,C
210,24,C
3322,32,B
568,23,F
2279,50,C
665,31,E
697,60,C
1322,96,A
3157,96,C
2941,52,C
1846,14,B
1548,91,E
654,82,D
3900,58,D
180,23,C
3546,80,A
3228,92,E
3357,2,D
2267,10,B
174,27,E
582,64,E
684,13,F
2738,29,D
3717,70,F
187,51,C
2478,8,C
2187,54,F
3422,3,B
3402,2,F
729,5,E
1719,16,C
2833,31,B
2403,52,F
2581,100,D
3593,68,D
1738,49,F
2717,2,B
1612,73,A
2065,54,D
2001,96,D
1513,8,E
3727,88,D
1545,40,B
3555,46,C
1259,16,B
1169,66,B
1608,63,F
3980,86,D
3447,37,F
407,80,C
270,22,A
638,81,A
2236,3,C
3645,74,D
2558,11,B
3806,25,D
976,99,E
3824,91,D
3886,73,B
1732,27,F
2808,36,F
3634,48,F
1716,98,D
1817,29,D
444,28,D
2609,15,C
2621,80,C
1791,62,E
867,42,F
3528,22,D
1645,80,A
595,30,D
3145,56,C
1183,6,B
1998,13,A
1036,19,D
979,53,C
419,56,B
2165,52,B
967,59,E
2337,49,C
2371,3,B
2882,11,A
3158,4,C
3943,27,D
1033,33,D
3300,76,C
3858,3,F
1556,72,D
2194,55,B
3943,33,D
2887,100,B
31,46,F
3606,30,A
2270,8,C
1065,65,B
758,49,F
2596,74,F
3727,8,D
2873,92,B
862,33,E
183,25,F
1356,27,A
3552,64,F
1408,81,E
849,43,C
273,4,E
2980,28,D
3840,36,C
2749,99,C
695,26,F
234,74,E
302,93,D
3518,95,B
3054,77,D
2505,62,B
628,4,F
2921,17,A
3369,7,B
2374,76,D
2696,24,D
3617,5,A
327,50,F
1840,69,D
3429,77,A
2245,57,B
280,53,B
2397,69,E
1495,97,A
432,56,E
345,52,F
2387,13,D
1540,1,B
2445,16,F
3669,40,E
3645,83,D
3390,61,E
745,98,C
726,48,A
3184,32,C
2951,89,B
3444,89,F
274,73,C
2704,97,B
1926,96,F
2595,43,E
2922,2,D
1661,23,C
602,60,F
284,18,E
1650,80,A
496,3,D
2749,91,D
3058,48,A
3806,54,A
1892,53,A
3552,89,F
1766,5,B
2781,85,C
3759,72,B
1395,39,F
1034,77,E
579,25,F
2434,69,A
3110,42,A
1362,64,B
311,90,B
3150,24,E
1191,29,A
3654,15,A
80,65,A
1502,31,B
1679,52,F
3688,36,D
1760,20,B
466,64,B
3565,99,C
2681,16,D
3096,90,B
1706,59,D
3700,28,C
2591,37,E
810,5,D
2113,68,D
3793,31,D
3699,19,D
42,3,B
1165,14,F
2385,55,C
2941,26,B
2126,95,D
115,70,C
2207,1,E
78,56,A
2820,39,E
1908,58,A
3797,89,F
2110,6,A
3620,7,E
1096,85,F
975,58,D
1928,60,D
2462,23,C
2537,3,B
3545,60,A
304,61,D
3619,5,B
1771,56,B
728,96,A
344,42,C
145,49,B
2136,51,B
2067,97,F
1654,46,C
3551,63,E
1065,55,C
3113,4,B
3573,79,B
3083,53,B
2035,59,C
1581,57,D
1809,54,C
3666,28,C
424,65,F
949,46,A
2392,54,C
2536,25,E
2021,34,A
471,2,E
1057,58,D
2221,31,B
116,16,E
1729,26,B
2319,19,D
1174,73,B
1713,54,F
2822,47,F
1330,79,F
3096,93,C
2529,1,C
1101,26,A
2426,46,B
2871,40,F
1735,62,F
2756,30,A
2599,8,A
3780,37,B
3945,36,F
1453,45,D
2398,85,E
1333,50,E
3752,84,D
3421,47,C
1586,74,D
1835,47,B
3144,23,D
3769,75,E
2296,79,C
1752,51,D
3421,72,B
1226,81,F
133,73,F
821,78,A
130,43,E
1193,2,D
978,68,D
3912,80,F
2492,11,E
3216,15,E
3841,16,B
3372,94,F
1804,69,E
3708,30,E
837,38,C
2498,57,A
3437,23,B
410,50,D
132,56,E
69,6,D
2381,79,C
1251,44,F
917,24,F
662,93,E
1632,25,D
1149,84,D
2013,26,F
415,42,F
3892,94,F
3689,92,F
1283,94,A
1806,37,F
1328,8,F
3576,31,F
950,13,C
1750,90,B
3438,94,F
3676,55,F
992,31,C
1521,66,D
2743,11,A
2256,22,A
2873,75,F
3053,51,C
704,36,B
2468,20,B
382,88,A
3871,66,E
1181,54,F
865,69,C
3686,87,C
2627,47,F
1660,100,C
822,88,B
1210,9,D
415,27,B
225,61,C
607,90,B
134,66,C
3286,88,D
3510,95,F
1722,62,D
1614,9,F
1878,98,C
2278,35,B
3291,86,E
2300,20,C
3522,52,E
1775,70,A
1396,67,D
683,23,E
1202,40,B
2670,19,C
2669,17,E
2310,100,A
3689,6,C
1717,11,A
2565,51,E
132,89,C
1057,8,D
1003,49,E
2895,78,B
595,86,E
175,44,D
1888,52,C
2406,41,D
3750,34,B
782,27,C
1143,44,A
2153,83,A
3851,55,C
3273,73,A
446,64,F
2296,6,E
2517,8,D
2740,93,D
1219,4,A
703,34,C
1104,3,D
3148,87,C
719,78,F
3638,62,C
371,51,C
1543,60,A
1475,23,A
629,81,D
3496,63,F
652,67,C
79,43,B
1669,21,E
2211,57,D
260,36,F
73,12,F
3356,44,B
644,86,F
2561,58,A
21,93,F
1167,25,F
354,46,A
1031,30,B
1247,18,B
3187,79,D
1469,9,F
2035,90,D
3496,99,A
3984,10,D
3257,92,A
170,68,D
3208,19,D
751,12,B
2239,89,C
1165,94,B
3486,85,E
1299,94,E
3767,55,C
754,26,E
3718,57,A
2160,77,A
2261,23,C
2122,60,A
267,30,A
157,12,A
3228,94,B
1996,49,F
3914,29,C
3853,79,F
1312,5,B
3649,98,E
2896,13,F
1252,70,B
2480,61,D
577,55,F
1772,68,A
2290,74,C
729,5,D
1958,53,C
3891,8,D
1479,70,A
1690,88,F
1737,45,B
547,43,D
685,67,C
3976,30,D
454,82,C
1654,61,E
2266,10,A
339,53,A
274,31,D
2847,1,C
747,58,A
3040,79,B
3714,12,D
2289,54,F
1097,71,E
1864,54,C
3117,53,A
718,97,B
217,55,F
3816,21,D
407,68,F
2671,71,C
2590,18,D
3618,15,D
3127,84,A
3013,65,B
1250,18,C
1677,4,C
3086,42,E
1527,55,C
2099,1,E
2113,30,E
3253,57,F
932,10,F
3185,79,C
3345,81,E
2201,59,B
939,96,C
3948,51,E
3577,94,F
183,89,F
3075,69,F
2644,62,E
270,10,B
2880,14,C
2664,40,C
1608,46,A
2782,21,F
3436,59,F
3150,75,D
716,71,E
3851,82,D
1700,13,B
521,8,F
1614,2,D
2846,67,E
2896,58,C
1216,41,E
1587,23,F
969,76,B
3735,23,E
3480,84,D
1714,94,A
88,49,B
1544,48,B
2352,59,D
594,96,A
2413,36,B
3532,37,F
2366,63,F
3617,58,B
3945,63,D
2899,57,C
1854,98,D
2536,6,A
178,14,E
908,29,C
2071,26,E
253,3,B
298,16,E
3515,11,C
188,18,E
2022,39,C
1156,12,C
1504,45,F
1444,96,D
3246,19,E
1926,65,A
2895,41,A
2656,5,C
3487,43,E
2028,99,C
3028,95,A
3001,75,B
728,100,A
1289,21,F
3679,52,D
3891,56,D
3201,86,A
2646,36,C
1176,90,B
1745,32,D
1221,65,D
440,78,E
1344,11,B
1744,79,C
952,8,E
1855,75,E
3933,53,E
2013,85,D
1160,46,E
3720,50,E
2873,30,D
350,42,D
3520,87,F
3029,4,A
2306,93,A
2209,72,E
913,26,B
1947,9,C
2831,29,B
3901,35,D
1161,59,C
530,44,E
3082,26,F
3890,88,F
1324,10,C
3273,89,C
1376,23,D
1048,5,F
1854,27,A
2400,21,B
586,50,A
2918,61,A
1417,12,B
299,21,C
3357,18,F
1612,56,F
2584,64,F
3381,22,F
1259,45,A
2204,6,F
426,38,E
638,40,F
2920,8,F
1098,98,A
1413,11,C
2522,41,D
2812,93,E
3312,55,E
677,97,D
1189,95,D
1567,26,A
3998,6,D
1741,82,C
1700,43,F
997,94,C
2469,91,E
2847,79,D
1300,88,D
612,69,C
400,23,D
479,45,F
1137,42,C
601,36,A
1757,76,B
2210,91,D
3120,28,C
3886,94,D
1621,97,F
1812,95,A
837,20,F
14,6,C
3979,30,A
2389,33,A
2353,38,A
3839,40,E
1731,41,F
34,83,F
2478,51,F
2239,96,D
2042,49,F
208,82,D
1252,55,D
11,45,F
2,100,A
999,10,A
1232,99,C
1782,20,B
3728,47,E
520,1,F
370,30,D
717,50,B
3341,72,E
2355,92,D
3698,77,D
1166,15,D
2873,5,B
2514,12,E
1331,12,E
3287,16,B
2662,18,E
2291,15,B
1282,57,F
3532,56,C
453,36,D
1463,6,C
604,19,B
1880,79,A
2573,36,E
2949,58,F
1036,92,A
1684,22,A
2561,94,D
2393,7,D
3429,96,F
2499,42,F
3703,47,F
2134,22,F
3667,39,C
1825,95,B
1571,85,D
3468,93,C
3589,6,F
2953,19,E
445,67,F
1020,70,F
3264,64,E
1918,10,F
3613,47,B
662,62,C
12,63,B
122,33,F
409,90,A
2393,2,A
3246,40,F
376,55,C
1181,5,A
2028,81,C
2219,11,F
2026,2,D
33,48,B
1977,42,F
826,2,B
1377,14,F
1219,22,C
1842,35,A
3789,88,A
1363,51,E
542,72,D
594,31,B
595,70,D
545,97,F
2281,19,F
3538,13,A
1976,81,F
779,15,E
1319,97,F
2596,66,B
3842,20,B
667,20,B
3899,62,F
1644,13,C
3356,78,A
3983,81,C
3187,44,E
2996,56,D
3276,38,F
2410,78,A
2681,71,F
876,72,C
2629,83,F
3532,67,B
3907,57,D
889,66,B
530,71,D
2909,50,F
3239,97,B
3882,73,C
2743,28,A
199,58,F
2035,45,A
2833,61,F
1897,45,D
2553,62,C
1320,56,E
3119,8,D
3229,40,E
1157,53,F
3778,57,F
3818,50,B
610,54,B
779,81,F
2192,10,C
2699,62,A
2415,28,A
1942,100,A
3035,18,C
111,36,F
57,37,D
619,12,C
447,99,C
3045,79,F
2365,47,C
3775,88,C
2365,65,E
2811,23,C
2704,49,B
2259,21,A
2006,92,E
2782,73,C
637,30,F
670,81,C
3241,1,F
2614,68,B
101,35,B
3985,28,F
160,59,B
2812,35,C
3622,1,A
1427,14,F
1488,57,D
2509,37,E
3736,13,C
2995,80,B
525,5,D
3685,18,A
3688,59,B
2324,42,A
3696,87,D
3313,51,A
2333,85,A
456,98,C
191,65,B
1673,4,A
1818,1,D
985,55,A
636,83,C
1992,12,F
2503,55,C
3814,51,A
1486,74,B
617,27,B
1925,46,E
986,42,B
472,4,D
965,47,A
3701,44,A
940,36,D
216,12,D
947,55,F
1415,72,A
2824,26,D
806,26,D
3641,1,C
1809,27,C
2827,52,A
3526,7,F
3835,27,A
3598,59,E
122,60,C
2715,88,C
288,21,B
1507,17,C
808,88,D
746,32,C
3034,76,D
2539,64,F
3584,94,B
579,66,C
3550,27,F
1084,30,A
1198,47,A
1816,82,F
1487,15,C
156,95,D
1397,18,C
107,91,E
2412,96,E
2230,100,C
1098,8,D
2004,62,E
2627,24,A
976,58,B
2402,61,C
323,4,D
3095,10,B
3054,8,B
539,88,B
2782,64,A
3587,98,F
1823,18,B
3449,83,C
2847,7,B
3051,55,B
712,83,B
3251,97,F
3456,99,A
1721,11,D
978,54,E
3654,76,A
1110,8,F
2804,70,C
3742,91,B
221,44,D
2154,51,C
1435,35,E
1251,17,A
1147,81,B
1191,65,F
2643,94,D
793,63,D
769,10,D
3163,38,F
1234,76,A
3861,88,C
3614,23,A
272,11,C
638,16,F
2976,8,B
1344,37,F
273,32,A
1057,13,E
3139,91,E
2635,85,D
299,23,C
2476,85,F
1381,46,A
2799,20,C
1282,95,C
3683,81,B
290,16,F
1164,60,C
3240,37,E
3585,87,C
731,59,E
3843,20,C
889,58,D
3346,98,B
3586,84,A
2043,3,A
1203,71,F
1290,43,D
3389,72,C
2404,97,E
895,63,A
2042,89,A
1922,59,C
1387,85,B
2896,18,D
1400,29,A
3233,8,D
3822,61,A
769,25,C
2115,89,A
3065,30,F
3173,2,F
3600,23,A
2902,17,E
2666,81,B
756,99,F
2928,68,B
2147,59,D
2213,70,B
766,66,F
3527,24,F
1396,95,A
792,76,E
104,38,B
3898,23,C
1096,5,F
535,43,A
2313,9,D
669,10,B
506,55,F
2027,61,B
2289,56,E
1582,69,C
764,89,F
3469,96,B
3054,59,D
870,64,A
3905,54,B
3760,15,E
2284,2,A
3462,34,A
3775,18,B
3412,71,D
254,7,C
802,97,F
3009,8,E
1682,9,A
1285,48,A
2051,13,A
590,41,B
1586,78,F
3099,56,F
1786,72,C
3091,26,C
3314,20,F
337,92,C
1637,98,F
1727,2,A
2150,15,F
980,40,C
2311,5,F
339,60,F
2344,97,F
25,1,B
1130,30,F
543,43,A
108,98,C
283,5,F
3100,33,A
2225,46,F
431,40,C
891,61,D
3013,31,A
2149,78,C
2313,18,B
3297,24,F
1666,42,C
392,97,D
2099,48,B
3925,98,B
3240,70,C
431,16,E
2330,73,B
3369,72,A
1730,24,F
3740,99,C
631,43,D
61,87,B
211,31,C
511,80,C
1093,34,D
2822,3,C
3200,97,B
1031,93,C
1629,84,B
2134,27,C
1165,49,C
505,49,E
1813,62,A
96,80,C
640,84,B
3487,35,B
1776,61,E
2471,92,E
3624,8,A
650,76,D
2735,48,C
1003,46,F
3875,44,C
555,53,C
2649,99,A
3131,100,D
1036,49,F
2511,30,B
3434,94,F
3315,47,D
2858,10,D
761,26,B
2871,85,D
1766,94,B
3183,17,A
1114,2,D
2374,83,C
734,20,A
1958,67,D
1015,64,E
3580,59,C
1945,28,B
3224,58,B
238,10,F
1700,81,C
450,75,D
1732,18,C
369,87,A
670,20,A
1981,87,B
3527,64,E
3918,94,D
2332,48,D
736,99,A
1901,99,F
2050,57,B
2838,28,C
3709,62,F
1134,60,B
1208,26,A
3490,79,D
3806,2,B
2970,7,F
58,51,F
1210,19,A
2081,40,D
2365,48,F
2482,90,D
980,35,B
3460,53,A
3231,95,F
1267,27,A
3026,3,B
2499,52,B
2472,67,F
3450,97,E
3042,6,D
1694,20,E
1851,84,C
768,48,C
3800,26,C
2838,93,A
1287,98,A
2713,48,F
3210,45,F
147,30,C
2853,87,A
1655,15,E
1031,69,B
789,72,C
2457,12,F
3443,70,C
522,86,B
1253,46,B
1954,58,B
3271,6,D
1152,35,A
3708,93,B
1636,28,A
2212,23,A
1049,17,D
733,11,B
1531,49,B
3954,94,B
2192,32,C
515,36,B
3130,1,A
1728,89,E
480,21,F
891,57,C
3955,80,F
3288,83,F
2844,59,D
1480,29,F
508,25,E
2348,34,F
2775,2,D
1726,15,A
975,71,A
2582,65,D
607,87,D
786,39,C
394,73,D
3003,87,E
2800,4,E
3152,53,D
3904,30,E
3029,28,F
1880,45,D
2169,56,E
3471,42,F
67,68,C
3300,22,B
2147,67,F
3890,95,B
2862,9,F
2509,63,A
1996,55,F
2047,37,F
552,78,E
3123,5,F
32,97,A
674,82,E
442,51,F
2602,23,B
1876,30,F
466,16,E
2534,64,E
984,16,A
571,78,C
2325,76,B
3282,67,C
2775,42,C
1547,22,D
98,69,A
565,2,E
390,44,E
781,34,D
1925,39,F
799,24,D
303,55,C
375,4,E
2066,60,B
2228,32,B
1556,13,B
1177,12,C
2548,61,E
3111,26,A
3094,15,F
677,12,C
357,33,D
2583,22,B
3261,19,D
2016,51,C
873,9,C
3775,29,A
2955,55,E
3226,36,A
3311,47,B
1870,44,A
1948,40,F
844,86,C
2056,43,F
2477,21,D
3810,98,A
3082,37,C
363,28,F
2365,36,D
2790,63,F
150,10,F
3837,28,A
3735,77,A
1647,33,E
284,46,B
3552,18,E
1839,48,C
2866,1,D
1031,20,D
3847,6,A
1561,61,B
786,44,D
3984,68,B
751,31,D
1848,49,D
790,61,F
3879,94,E
2370,55,D
740,73,E
3175,83,F
3877,19,E
805,43,C
3514,81,B
1328,43,A
3955,40,C
2936,49,C
480,75,C
706,16,C
1514,58,C
3372,45,F
2096,40,D
1125,70,C
2275,82,B
2421,56,A
3368,27,A
1910,7,B
2091,6,A
53,100,C
3404,57,F
2401,66,D
782,35,D
543,40,B
1846,94,C
3208,55,B
3878,6,C
667,8,D
2588,32,F
2872,52,E
1844,78,F
1910,27,A
2215,82,D
2065,72,C
1504,27,C
450,12,C
2449,49,C
3210,56,F
3279,90,F
827,41,D
1841,7,F
1073,90,A
3066,11,A
877,64,F
2145,71,E
2670,99,D
3321,67,E
3625,33,B
1843,62,B
324,69,A
1916,47,E
957,22,E
2020,33,C
3742,9,E
1445,40,E
1165,80,A
618,46,E
1019,18,A
2816,22,B
2488,87,F
2502,95,D
1053,49,B
2758,2,D
3580,33,D
370,16,C
255,61,C
456,20,C
1008,86,F
1547,59,D
2492,14,D
867,24,C
2564,40,F
2234,90,E
3838,6,A
372,57,A
1267,30,E
2072,56,D
167,80,E
2201,18,F
1207,63,B
1816,86,B
739,63,E
2556,29,A
1188,32,C
2354,54,C
680,13,F
3017,38,F
3831,77,C
371,50,F
2611,76,F
1512,12,D
2674,56,B
1950,95,A
1613,50,B
3299,56,C
2656,11,F
1550,7,E
2292,91,C
1867,60,C
1847,4,C
2776,99,A
1039,39,A
2758,34,B
3318,66,E
3496,46,A
608,97,F
2688,6,C
3019,96,F
2313,10,E
396,31,A
2040,84,E
1134,36,B
3841,88,B
1493,91,F
6,55,D
1689,21,E
1952,83,A
135,52,D
1486,90,C
315,50,A
2112,54,A
2448,54,E
2936,68,E
1952,87,C
519,82,C
2628,17,B
3911,71,B
2970,25,C
2105,51,E
924,31,D
2651,29,C
3003,98,E
832,33,F
2372,29,B
3280,72,D
2726,67,D
391,87,A
2483,37,D
412,23,E
120,83,E
89,30,F
2914,6,E
1512,37,D
3020,9,A
530,10,D
1122,88,D
3012,61,E
2494,7,E
1605,18,F
1678,64,D
1231,16,E
2762,1,E
2835,90,F
2468,49,B
2035,70,B
1310,60,D
3890,99,A
1469,62,B
3016,36,C
3403,79,D
2906,78,D
1879,46,C
2989,46,C
2281,25,A
2885,33,C
2818,25,B
1683,61,C
1304,84,B
3393,44,D
1022,37,B
367,12,A
1031,34,B
2663,63,B
229,63,D
290,11,E
1130,76,C
1853,1,E
1998,45,C
3524,30,B
518,3,C
1284,100,A
2663,35,B
2438,23,F
501,24,A
3886,31,A
1266,54,D
2482,51,C
2794,76,F
3435,26,C
564,30,B
1470,8,C
2098,60,D
392,11,F
819,76,B
3851,13,B
2974,40,E
1896,97,A
2003,12,E
1764,72,B
1935,66,B
3349,56,B
602,20,E
2513,1,B
1471,53,F
3629,11,C
127,89,A
2565,65,E
655,47,F
798,15,F
3528,66,B
2865,24,E
2564,86,F
1046,54,D
1098,57,B
3369,18,B
238,21,F
2031,40,B
2224,37,D
2300,80,D
245,14,F
2430,95,D
2236,5,E
1567,50,E
2859,15,D
1351,2,B
335,85,C
1498,34,A
2024,48,C
1430,50,D
182,98,A
708,31,A
1520,55,B
3897,32,F
1363,11,A
986,32,E
3780,79,B
2979,60,D
568,17,A
182,27,C
1834,62,E
3968,42,B
178,27,C
2470,54,B
2481,88,B
54,6,C
395,38,A
2331,62,B
863,54,D
2137,52,B
981,91,A
24,83,A
1861,90,F
2813,19,F
2126,91,D
18,4,F
3152,77,F
1857,98,D
1894,40,B
2414,80,C
397,68,B
3344,75,F
3774,26,A
1882,97,C
438,68,F
2373,18,E
3995,51,E
312,90,D
1492,53,F
3769,74,E
3769,72,B
3829,39,D
2247,19,E
3236,99,E
2724,72,F
3696,13,C
1809,88,E
2223,36,D
3173,69,C
516,19,D
3420,97,B
2953,91,F
3712,11,A
2547,14,E
466,57,F
869,60,F
2273,79,F
2165,88,F
1661,16,A
3409,67,E
3727,45,B
1331,37,A
3873,43,B
2940,9,C
946,6,C
3982,78,C
792,83,E
3128,6,F
613,82,B
1160,19,D
1159,83,D
918,11,E
2346,94,F
436,17,E
3203,13,A
1384,58,D
1170,21,C
2384,5,D
3257,82,B
2682,67,E
811,70,C
1717,99,B
2894,7,E
2532,98,A
2846,43,C
1645,73,E
900,98,A
1837,32,A
2464,5,B
1283,85,D
3363,58,B
2446,25,F
320,46,D
3129,12,E
2692,35,D
2036,60,C
1435,24,D
3306,21,A
1458,12,F
1640,6,B
2981,46,B
3903,76,C
521,25,F
3619,6,A
823,73,C
2263,64,F
1161,22,F
3717,55,F
1069,35,B
833,76,D
1900,55,E
1395,33,E
316,64,B
1704,4,A
810,14,A
728,36,F
3101,92,C
3980,10,B
2356,91,A
2865,87,F
165,86,B
3282,39,F
1453,30,A
1548,50,E
1690,3,F
2810,83,D
3844,80,A
3236,93,B
947,18,F
1419,34,C
562,17,E
3722,89,E
132,21,D
806,28,A
3879,99,A
2160,25,B
2369,96,D
2427,88,B
772,8,B
3548,89,B
3541,67,C
2825,11,D
1674,92,C
2070,88,E
3516,85,E
1769,99,E
3644,66,E
3546,33,B
2999,66,A
3387,95,D
764,87,C
799,11,C
2018,92,E
2605,39,F
3876,97,B
284,72,D
1845,24,D
2319,38,E
903,19,C
1955,29,B
2350,33,F
2602,5,C
2145,54,C
1773,90,D
172,29,F
516,9,E
315,21,D
3756,64,D
671,54,E
2500,81,A
1564,59,D
3468,86,E
3308,82,B
3880,45,F
3868,60,E
3710,93,C
2628,28,C
1895,26,E
2565,58,F
170,39,D
3238,100,E
3707,59,E
1355,99,A
1535,44,A
506,5,C
1051,49,D
2008,56,F
3851,7,B
2250,49,B
1107,65,C
2520,25,F
315,16,B
3376,83,B
2957,86,F
595,99,D
3452,66,E
3942,65,D
1153,5,E
1248,50,B
299,93,C
1332,50,D
1645,88,B
2810,80,B
3228,73,C
3360,32,B
175,33,F
1112,37,D
3744,9,D
2662,25,E
1696,96,C
2478,77,F
2748,7,D
454,67,D
866,89,E
736,48,A
2004,42,C
1699,28,B
3666,56,B
354,46,D
3906,72,B
709,4,F
3921,64,E
621,9,D
3998,80,C
2047,8,A
397,33,C
2716,21,D
3267,6,A
1409,57,C
3943,52,C
3336,45,C
1239,93,E
3667,77,B
2804,40,D
3157,68,F
3847,31,D
536,9,A
3865,47,F
2352,61,E
899,26,E
3153,92,E
1530,84,C
745,89,D
424,16,B
3434,31,E
3787,93,D
3036,24,E
774,96,F
3618,74,C
467,51,A
872,47,C
1217,45,A
147,53,D
517,24,D
2127,24,B
3708,9,C
26,68,F
1479,49,C
1617,67,A
157,11,B
3907,92,A
1435,50,B
69,72,F
981,66,B
6,77,E
3771,92,E
2360,69,E
2384,83,E
2689,98,A
3405,51,C
2129,71,F
3774,64,A
2047,19,D
2877,97,F
2146,74,F
3786,58,D
3734,48,D
3681,64,C
451,95,C
2711,37,A
3996,14,A
3500,60,C
3867,53,F
2269,7,E
824,94,F
1215,29,E
110,17,E
2989,72,E
1935,6,D
2545,72,E
2807,97,E
972,84,D
3779,71,E
2262,20,F
641,34,D
648,87,C
2769,13,A
1626,30,C
1524,48,B
3731,52,C
3912,38,D
3051,13,A
1281,29,D
2626,18,D
3813,20,B
3432,16,D
1713,66,F
1791,77,B
1423,32,A
1257,75,D
3917,19,D
2897,33,C
2385,47,B
1686,34,E
2021,8,D
2196,71,E
2324,14,F
3714,90,B
444,85,B
3236,55,A
2546,11,E
1003,55,E
540,19,D
1026,85,D
621,91,A
1278,69,B
66,97,B
3240,62,F
2010,90,E
3156,98,D
3083,11,B
1411,38,F
2152,67,E
3467,85,F
568,58,E
400,23,D
549,77,D
1315,8,D
2416,5,B
3043,55,A
495,46,A
341,4,C
3122,36,D
3281,58,F
2247,1,A
1161,22,F
722,84,D
107,61,F
2234,78,A
187,64,A
555,90,C
2072,60,B
1443,29,D
3385,65,B
2950,57,B
392,80,E
3920,47,C
2218,59,C
1587,53,B
1230,51,C
3056,77,A
278,19,A
3542,64,A
130,90,A
2760,99,B
2091,65,D
3261,52,E
3770,8,F
1334,10,D
2038,18,B
3270,95,E
188,97,B
2044,52,D
2878,64,E
2103,62,A
3063,97,A
2488,75,C
1889,2,D
2170,41,F
268,86,C
1481,18,A
2913,22,D
1544,45,A
2817,81,C
3428,25,B
1881,53,E
830,64,D
3685,28,C
2322,75,C
2771,20,F
1449,17,E
1276,69,B
1644,61,A
2044,77,B
1080,39,F
1239,38,A
1322,23,B
175,89,E
98,36,B
42,93,B
3454,18,F
891,53,A
1828,70,E
1275,32,C
3124,43,C
1899,35,B
2237,84,F
1010,99,F
662,88,C
562,41,C
2110,37,E
3918,89,A
2012,41,F
3796,95,B
109,82,D
3436,31,B
1565,99,E
2413,4,D
522,91,D
2534,56,E
2167,26,C
651,56,C
1935,29,F
3099,18,D
3573,33,E
2636,31,F
3931,45,F
828,25,D
2912,50,B
1330,92,A
2478,86,E
2274,80,F
2464,30,C
3236,5,B
3090,16,F
3778,25,E
1211,32,B
3426,60,E
2163,76,D
1916,16,E
3924,53,C
3444,89,F
813,83,D
3465,97,D
3296,36,F
2591,24,C
3879,25,A
1952,58,A
2033,20,A
3446,67,D
3703,85,E
3595,38,D
3971,22,D
3879,17,E
1662,1,F
478,56,C
1887,12,E
3885,86,F
1347,99,C
1905,19,D
479,90,A
1888,7,D
1769,85,D
726,70,C
1344,17,D
2378,52,B
3802,25,D
1681,21,E
1514,20,E
2755,21,B
1198,56,D
334,55,C
1747,56,C
460,61,B
1470,40,F
465,5,F
1523,34,E
326,92,C
276,68,E
785,77,C
1327,65,D
2880,94,E
717,78,C
3023,44,A
1503,54,E
1854,61,E
240,56,E
2840,90,A
3818,52,F
2661,23,A
667,34,B
2073,8,D
2509,15,E
2924,48,F
3108,63,B
2315,36,A
3851,65,A
2385,26,D
1463,96,C
3923,36,D
3371,74,C
628,43,D
3455,93,E
1022,45,D
2880,62,D
3116,95,E
2212,1,D
1175,54,B
883,21,E
1475,72,D
2000,88,E
3827,34,C
2309,54,F
1193,78,D
2726,10,C
1233,11,C
1406,15,E
3678,21,D
2262,35,E
2944,11,A
3940,73,F
3579,92,E
3077,40,D
3968,36,E
2687,78,E
1195,51,A
3133,63,F
1703,50,F
1795,53,E
2466,45,A
3884,7,D
3491,54,F
3856,3,D
983,41,A
829,70,F
870,30,E
1079,6,D
3735,24,B
3649,8,E
3976,42,A
1980,63,F
1816,77,E
1572,52,C
631,41,A
892,13,B
32,40,A
1677,5,D
3490,44,A
1269,35,C
1729,34,E
2574,38,C
50,78,F
2520,34,A
1423,72,B
1341,50,F
2195,39,A
325,52,A
1005,55,F
2695,43,D
3808,37,D
3325,83,C
3448,32,F
2488,10,B
3357,89,F
888,22,F
3283,48,E
2988,21,F
922,56,E
2492,80,E
2718,17,C
141,89,A
881,76,D
3013,68,F
171,4,D
298,13,F
1416,12,B
2774,43,B
3667,62,C
236,16,C
3528,15,E
1040,3,B
705,64,D
29,78,A
3770,27,E
3256,98,C
515,21,E
2380,18,E
284,30,C
993,89,E
2760,96,A
2399,77,E
1452,64,A
1449,100,A
875,19,D
2010,26,F
3478,82,D
533,74,D
3239,88,B
1306,93,B
3734,95,E
3432,20,E
2068,41,A
2750,45,E
1895,69,E
792,15,D
2357,46,F
716,44,E
3973,46,A
111,79,F
544,67,A
461,32,A
1970,94,A
475,9,D
1727,47,E
350,70,F
2160,94,F
2494,54,D
3189,94,A
2558,50,C
662,75,E
1200,36,A
1964,7,C
2838,36,C
3664,43,D
2531,71,E
450,54,A
513,43,E
3307,2,B
2962,57,E
1146,24,A
1176,20,A
374,25,F
2223,65,D
3741,34,B
2782,93,D
2704,59,B
1532,55,B
453,60,F
542,65,D
1197,61,A
3094,53,F
577,15,B
2228,47,A
1474,76,B
2645,63,D
187,7,E
701,92,D
990,19,E
2173,32,B
849,58,C
578,73,E
1505,11,D
1676,67,C
2955,46,B
2637,47,E
1313,13,D
2398,36,D
1384,66,D
3778,97,A
1440,35,C
937,63,B
2757,3,B
3303,4,C
3556,25,B
2424,37,F
68,18,C
2280,47,E
1585,73,D
2336,51,C
3171,98,F
44,99,E
498,12,D
722,100,C
1819,83,F
1691,93,D
313,73,C
3896,70,B
3371,72,F
1615,10,F
1515,30,D
1626,5,E
1003,83,C
2914,62,D
3155,72,E
2200,94,F
1966,31,D
3443,13,D
525,90,D
1086,2,A
3116,47,A
2722,76,F
3566,76,A
2273,8,F
2938,49,B
2249,99,E
3676,35,C
205,54,B
537,9,F
2775,52,F
1597,81,D
1434,81,A
2938,29,C
3911,12,C
3324,16,E
2229,54,B
3961,98,A
3377,56,A
3726,24,A
1591,57,B
2060,10,D
3555,70,F
567,4,C
1883,76,C
3337,86,A
3263,86,F
2027,25,D
1795,49,B
642,61,E
141,90,E
102,22,A
2331,69,D
2204,24,D
2577,79,B
819,13,F
160,98,E
815,77,C
2501,92,C
3025,99,E
2483,81,E
3678,97,E
3375,100,C
749,19,C
1077,95,E
3529,87,F
1090,26,C
2395,10,A
3819,58,D
175,19,B
902,13,B
2437,26,A
3921,59,E
1043,61,B
2318,42,A
1101,62,E
92,31,A
1420,73,E
1473,48,C
2115,20,D
3260,41,A
1678,42,D
814,30,F
1642,7,B
1871,38,D
583,45,C
1392,99,D
2605,65,D
57,86,D
1327,38,E
410,45,B
2434,20,D
506,6,A
324,23,B
644,92,C
2561,81,C
845,74,B
718,92,F
3875,81,A
2632,43,D
833,51,E
1730,20,A
3468,82,B
1889,29,D
2096,7,B
2789,37,E
4000,46,A
1064,19,E
2140,60,A
1238,13,B
3035,57,C
3383,77,C
1773,79,D
2071,20,A
1258,31,E
2389,43,E
1903,83,A
1707,40,F
3237,23,B
966,54,F
537,62,C
222,90,F
635,36,E
2622,77,A
935,69,F
1124,17,F
590,57,B
3713,63,A
347,62,D
2844,56,C
3940,24,A
3404,49,F
1626,10,B
372,2,E
2783,49,A
2237,56,C
145,48,F
610,34,E
3746,12,C
2381,13,F
3493,51,D
606,70,A
1160,85,A
372,36,C
2557,16,A
3412,84,E
1334,17,F
2296,65,E
3179,48,B
1002,3,C
3501,92,C
1825,15,E
3325,28,D
2738,81,B
2198,88,C
2107,26,C
3719,31,D
227,98,E
706,74,D
2642,73,B
1917,59,C
2061,84,D
3647,10,B
1085,99,F
2757,88,C
784,29,B
1869,27,A
661,81,F
1665,99,B
1686,78,E
3512,36,B
1667,75,E
2082,97,B
54,81,B
240,79,D
908,95,E
3738,27,E
64,67,E
2788,37,C
3747,40,D
3865,80,C
278,62,F
3052,31,E
2258,73,E
2025,33,D
3769,6,F
3346,59,D
3117,100,B
480,19,D
3989,100,E
929,29,C
101,3,B
3227,82,D
3174,45,F
1649,58,E
3765,7,F
438,86,B
2195,3,E
1154,34,A
466,46,C
2414,52,F
682,67,D
2953,38,F
1494,73,D
2360,98,D
865,63,E
2660,12,C
2099,34,E
325,25,A
1858,26,C
2698,26,D
3999,92,A
2720,55,F
679,93,E
332,98,C
2263,58,F
1921,1,F
2132,49,E
132,47,E
348,19,F
1379,50,D
2507,78,F
1496,58,E
1590,54,E
874,73,F
1292,18,C
1078,74,D
1245,50,D
1993,98,B
3779,33,E
3271,74,E
1347,100,E
716,63,C
411,88,C
3208,61,C
3368,30,A
3779,78,C
1353,95,F
3262,73,B
96,40,C
2632,72,A
43,27,A
2203,100,C
3938,25,C
2394,17,A
1994,77,B
706,75,A
3610,73,C
872,17,B
2331,95,E
3351,80,E
309,75,E
3809,10,A
2750,51,D
921,15,D
630,46,F
1109,37,C
3105,16,E
2901,25,D
1897,85,D
3566,68,A
3773,73,D
289,8,C
3597,49,A
275,4,E
3671,80,D
1355,16,E
1873,19,A
418,27,D
2305,56,D
1212,6,E
1096,64,A
690,53,B
3441,75,E
1630,89,F
1721,74,A
77,75,B
3261,25,D
743,20,E
1014,37,A
3620,46,A
1938,41,C
3926,6,C
3805,21,A
1833,4,A
3666,22,C
3304,20,B
3189,10,F
1996,85,C
1244,84,B
3060,97,C
3546,64,F
168,90,E
3410,45,B
612,6,A
330,5,C
876,86,F
1046,55,E
110,76,A
2787,7,E
3363,73,D
3254,30,B
3830,46,A
1005,96,A
1203,34,E
1288,13,A
737,66,A
2341,4,C
2068,72,D
1395,30,A
305,73,E
1854,9,B
2364,64,E
3253,68,C
2094,40,B
998,48,E
2505,74,D
2003,100,D
3557,78,A
2369,55,B
1825,93,C
2185,21,E
3331,38,C
1239,23,B
1603,83,A
2784,49,C
3960,52,A
1187,48,F
213,15,C
1794,50,F
1472,11,D
1337,8,C
2804,79,D
2426,49,D
1395,73,D
3141,19,E
3138,82,C
2222,45,A
1757,39,A
3706,97,C
2423,28,D
1148,59,B
1818,96,C
1036,97,B
2078,90,A
543,34,A
3566,86,A
2757,86,B
2140,95,B
1474,37,C
1193,6,B
2475,35,B
2030,36,E
7,66,A
229,74,C
1499,98,B
3309,39,D
1874,70,E
3773,59,B
1608,86,C
3397,87,E
2935,63,C
3263,50,F
1832,84,D
3516,99,B
78,70,D
1248,57,A
995,42,B
1557,13,C
393,80,E
2339,24,B
1198,74,F
3810,49,C
1339,100,F
3215,58,D
2818,43,F
3619,33,A
1895,37,F
3843,51,B
1662,2,F
1031,23,E
3409,34,E
3452,10,B
1990,14,D
1762,32,A
2328,80,B
3687,59,B
279,38,E
682,91,C
3027,27,A
1023,45,C
3128,19,D
3254,95,C
2281,37,E
1328,55,D
3470,96,A
1548,97,E
837,81,C
2114,29,B
2332,16,A
248,58,C
1300,14,C
852,35,B
3447,66,D
494,34,A
1948,60,C
2708,91,E
608,48,C
335,11,F
1218,48,E
3335,19,E
2262,61,E
541,46,D
2643,49,A
3938,77,A
778,26,F
2115,99,B
3217,87,F
2330,79,D
674,1,A
152,29,C
1920,81,C
3280,72,E
437,79,C
3948,93,B
1380,80,C
1065,7,F
533,57,B
426,80,D
812,53,E
184,49,D
781,51,B
260,92,B
1459,91,E
1999,61,A
1160,43,D
696,51,B
2120,30,E
739,40,D
3833,80,E
1691,89,D
1953,36,E
3891,9,E
1438,72,C
549,86,F
3164,65,B
2921,64,E
568,49,A
998,21,E
2115,93,F
1686,25,E
2805,99,A
3853,95,A
140,39,B
1871,1,D
3266,40,E
1174,96,F
670,85,A
2412,41,A
3085,59,F
3721,5,A
2422,65,C
2942,17,C
2989,9,A
3964,37,A
2907,48,E
254,36,E
620,36,A
2574,47,F
3333,40,D
3918,26,B
3788,17,A
486,91,E
391,53,A
1218,41,E
1529,78,E
360,4,F
2535,32,D
106,13,C
1189,3,A
530,10,E
2439,12,B
340,20,A
3504,32,F
1349,61,E
3699,61,F
1210,41,A
1587,18,C
3347,65,D
3054,74,E
1729,98,C
326,61,E
3234,20,D
1477,68,F
3069,16,A
3856,43,E
3455,25,F
3376,61,E
3488,44,A
2480,81,D
2136,13,B
765,62,D
3074,65,D
1426,9,F
1210,55,A
2754,83,B
3746,37,A
2872,78,B
3166,10,F
1026,6,B
2375,93,C
3379,88,F
3321,89,E
1611,92,B
471,30,A
362,99,D
1988,40,D
834,93,C
3137,85,B
3113,80,F
2958,34,C
3535,45,E
2873,94,D
2322,91,E
2938,88,C
1992,33,D
2074,53,F
3756,3,C
1127,92,A
2240,52,B
1253,31,E
2263,98,B
2243,74,C
2683,80,A
2717,16,A
825,44,E
2968,85,A
833,2,A
3420,12,B
1530,76,B
375,3,F
2904,38,C
314,61,E
3914,90,E
3260,2,B
1262,21,E
3184,28,A
2979,100,A
580,59,A
2715,1,B
978,93,B
3755,81,B
746,85,E
1360,98,D
2211,26,C
451,74,B
2892,88,D
584,2,D
2714,14,E
236,85,F
2847,52,E
1166,20,F
1220,80,A
918,82,F
906,63,E
810,51,F
3412,55,C
987,75,F
2749,82,E
1768,56,E
3856,72,D
581,9,E
3170,68,E
2980,36,D
86,96,E
3796,85,B
569,13,B
3601,45,F
3561,60,C
3688,16,B
2432,21,D
2951,88,B
3689,1,E
2987,54,F
1027,61,B
2801,1,B
2668,19,B
3741,90,E
1534,51,E
1634,8,B
3359,32,B
886,15,C
2437,26,D
2964,17,F
922,79,E
2849,82,E
3816,1,D
355,95,F
550,74,A
3109,15,B
2901,9,C
624,11,B
1083,7,C
477,71,A
2555,70,E
3793,59,E
2288,55,D
1760,76,F
2124,1,F
2362,34,D
2322,37,F
1543,58,D
1236,37,D
3968,27,E
3105,57,D
2572,72,A
2846,46,F
659,56,A
447,6,E
3730,10,D
706,5,E
2784,43,F
1952,83,F
1715,57,E
674,58,B
2587,74,E
1281,93,E
3627,90,D
538,14,B
2597,38,C
2954,95,C
2681,35,A
3260,90,A
2232,26,C
252,65,D
3303,99,B
2767,51,A
2266,48,B
1007,14,E
1019,33,B
2779,40,C
1656,68,D
3300,54,F
3095,99,A
1928,48,A
212,19,D
2921,59,B
1025,44,C
3255,90,D
1691,47,A
345,43,A
30,55,F
667,8,F
336,1,E
2118,19,E
2737,94,D
88,39,D
934,11,D
601,39,D
3710,44,F
3486,48,A
3107,34,F
2032,36,E
2708,2,C
1431,27,F
906,50,D
1271,54,C
3639,41,B
2704,35,A
1816,16,B
709,45,D
1565,6,F
1740,86,E
2488,61,C
3650,56,F
2609,3,D
2207,80,C
524,72,E
1006,13,D
1895,68,D
3,66,D
1753,100,D
108,94,F
2742,74,D
852,19,E
345,96,D
3625,82,A
1999,72,F
3508,98,C
2549,37,D
1520,53,A
3200,44,B
3433,16,D
199,64,A
1659,12,F
1067,90,D
3521,61,E
1893,8,D
1053,3,E
1702,9,F
2837,3,F
3243,79,F
463,97,F
631,57,E
3574,44,B
819,97,E
3791,75,C
271,33,E
2012,22,B
1986,58,A
2487,82,D
3331,9,C
3085,93,F
2764,45,C
3140,23,B
3022,36,D
3783,68,F
468,4,F
3454,64,F
334,1,F
425,85,F
3761,67,B
2542,73,B
2017,61,A
2559,16,E
831,96,A
2798,82,F
2109,65,F
2191,64,E
3076,16,A
2066,78,E
1957,79,E
3178,35,C
3372,14,C
3756,86,B
2653,57,E
3932,88,C
1761,97,D
1824,5,C
2404,77,E
2308,2,E
2896,32,E
316,62,E
774,71,A
2340,36,A
956,66,E
377,84,C
1035,46,D
2413,47,B
153,35,C
1782,29,C
3497,22,E
1851,1,C
2877,61,C
408,58,A
682,70,F
2062,36,F
2688,45,F
3697,99,C
848,30,B
2506,73,F
905,42,B
3008,57,B
3890,64,C
1599,82,D
1258,3,C
1322,35,F
3339,17,C
3896,56,F
2551,25,B
3358,65,C
3604,88,F
179,47,B
2434,41,A
418,14,E
2436,43,A
1549,6,F
2823,43,B
299,26,F
2697,47,F
2128,19,F
3478,6,D
3661,86,B
1412,8,D
3986,41,B
2182,47,C
3182,23,D
1810,37,C
1118,72,C
3163,59,F
508,35,F
1513,32,E
2975,79,F
2616,27,D
1365,89,B
788,29,B
3442,22,D
928,26,D
371,32,E
1104,70,A
331,46,B
3835,73,D
3041,77,C
2976,97,A
2207,79,B
155,65,A
2354,40,D
797,4,A
2277,53,B
3954,30,A
3356,78,F
813,17,C
2880,33,A
841,30,B
2754,31,B
2286,51,B
1612,11,D
2017,27,C
2366,87,C
2987,96,D
3121,79,C
753,17,A
1637,76,D
960,86,F
2156,16,C
251,40,F
2963,61,C
3992,1,C
64,43,C
2111,20,A
2979,87,B
1465,93,E
2463,38,E
1155,4,E
2655,98,A
1089,92,E
1934,3,B
2351,90,F
2598,55,C
3209,94,C
2342,87,D
2349,14,B
3465,43,E
3917,12,A
1088,19,F
858,11,F
2339,55,C
273,89,D
3043,87,F
3047,21,F
1997,97,C
2196,8,C
357,26,C
2970,55,A
438,15,D
3852,64,D
1851,99,F
2408,70,C
846,72,F
3201,25,D
83,16,F
1989,24,A
2874,14,B
2226,59,E
3949,34,C
464,91,C
3592,28,A
829,13,D
642,27,D
3292,63,B
2517,3,F
728,28,C
266,18,E
1978,42,B
1690,94,A
3532,47,E
18,6,C
1722,71,C
324,40,E
2519,78,A
307,42,B
3222,52,D
2216,59,E
1553,64,E
3637,48,E
644,21,E
911,23,F
74,63,E
2915,28,A
1007,25,E
2448,62,D
1666,100,D
915,63,C
1813,73,F
2123,9,F
8,16,F
3976,12,B
3843,24,A
1924,45,E
1570,60,D
3133,53,C
1052,29,E
3862,16,F
970,28,F
1490,4,B
2656,24,C
3709,93,E
953,74,D
2457,87,E
1314,15,F
2401,69,A
2334,32,A
3691,47,D
2889,42,F
1200,45,F
3413,26,E
698,52,B
3551,69,B
1397,3,B
770,67,C
2408,79,D
3171,81,E
2131,72,F
3470,78,B
1881,17,E
1959,20,F
1830,50,E
2968,15,A
3733,91,E
1896,30,B
3490,74,D
929,52,D
2289,97,A
975,24,B
3454,25,E
697,52,E
675,16,D
2897,97,C
3870,52,A
1416,21,E
1244,38,A
3333,9,B
3241,18,E
1617,47,C
973,84,D
1214,82,E
3381,18,C
135,10,F
1826,57,C
1316,99,D
2114,83,A
3843,98,C
2401,29,E
1569,81,C
718,63,D
2231,43,E
2010,73,D
1020,6,F
896,43,B
1445,84,F
699,88,E
573,23,A
653,11,C
884,93,B
1867,76,C
3234,19,E
267,13,A
822,3,E
186,70,D
1394,83,F
339,16,B
442,44,C
858,2,D
2431,60,D
2696,60,B
3500,59,C
1907,81,C
3740,77,E
2514,85,C
2858,55,E
1961,56,D
1470,64,B
2349,26,D
776,86,B
3234,58,A
197,85,B
991,72,F
1645,53,C
3028,60,E
1208,27,D
2734,89,A
597,68,A
3369,49,B
3939,73,D
1800,46,F
3916,75,E
3105,18,A
3383,36,C
1965,34,F
3466,33,E
1955,28,D
622,42,F
2134,33,F
247,6,F
1149,45,A
2112,28,F
1398,72,A
160,21,B
14,60,B
370,5,B
1187,43,D
1298,33,B
3510,29,F
858,56,A
862,82,A
3249,98,B
1085,69,F
3020,75,E
571,14,E
3229,4,D
2321,32,B
2808,63,E
782,43,A
1582,65,A
2930,49,C
2530,84,D
1318,83,D
3672,46,F
54,78,B
1347,26,E
1846,87,F
2470,72,D
2431,82,A
1883,46,D
2131,26,E
1315,100,E
3671,41,F
2073,79,E
1352,35,F
211,90,E
1694,16,B
3729,18,B
68,43,A
498,73,D
187,14,C
2089,58,E
3136,38,B
2725,70,F
3915,77,A
463,97,C
1114,79,E
964,11,F
693,59,D
1423,89,D
613,27,C
127,25,A
3956,96,D
1952,65,E
3623,63,E
607,63,C
2541,8,E
1394,75,C
74,67,B
514,2,A
190,3,F
1480,44,F
2400,81,A
3704,36,D
2826,13,D
1151,11,A
2620,71,E
1035,64,D
1726,4,D
3873,27,D
788,95,F
2311,89,F
658,7,C
2015,61,E
3986,100,F
600,52,E
692,87,C
2311,83,F
3762,69,B
1207,42,C
160,1,E
1889,11,A
3678,52,B
3323,70,F
1012,81,C
580,28,C
3992,79,F
2783,27,E
2734,77,F
1143,92,A
2725,12,B
1896,86,A
12,1,B
405,18,E
184,75,B
1142,97,B
3486,91,D
2931,57,E
73,3,C
1618,45,C
741,92,D
894,11,F
2044,9,D
841,24,E
227,99,A
1742,31,C
2515,23,E
2954,88,C
919,68,F
433,63,D
2495,24,E
496,49,B
1798,61,D
314,74,F
3363,76,F
607,16,F
2968,46,D
2804,67,C
550,49,D
1057,36,C
653,93,C
658,65,F
3847,38,B
2444,61,B
9,39,C
3652,51,C
139,43,C
3682,75,B
889,47,C
866,83,C
1654,21,F
1612,84,A
272,94,E
331,61,E
2954,33,F
3240,1,E
2384,1,F
2054,42,E
1726,89,C
903,3,F
3343,39,C
362,30,B
1640,49,B
1769,32,A
2239,50,E
3945,27,A
3532,76,D
2622,3,B
1506,65,A
2077,27,F
2006,90,F
3397,61,F
845,19,C
2075,73,A
2231,68,D
1001,44,E
960,39,A
2041,57,C
3999,85,D
1379,1,B
261,11,B
1471,14,B
3287,53,B
1876,52,B
2756,75,C
1982,37,B
7,85,A
2029,4,D
3815,27,B
3205,25,F
1980,62,A
910,2,A
3610,6,D
3467,64,C
3348,16,D
3116,57,C
2238,89,E
916,85,A
1117,97,C
3596,93,E
3047,75,E
2349,89,E
1590,50,D
3164,18,F
2736,47,E
1403,44,D
1567,49,F
1478,59,C
1255,46,C
159,59,B
2707,22,E
1884,58,D
3511,65,E
2698,37,F
2010,60,B
1911,85,F
3340,11,E
164,82,F
3131,43,F
3581,88,F
2037,45,D
1902,33,F
2325,93,C
476,48,E
2457,84,C
3834,74,E
350,2,A
2942,42,B
1328,29,F
901,34,C
2709,71,D
381,2,B
1168,3,D
1517,78,C
70,6,F
3894,99,B
3850,24,F
1547,74,F
2349,5,A
3171,12,C
927,44,B
530,68,A
15,86,D
3932,10,B
1735,12,A
277,96,C
638,38,C
252,19,D
592,39,E
3911,20,B
231,61,B
947,37,D
2792,33,E
1685,97,C
3365,12,B
3381,73,D
3912,81,C
3122,66,F
2297,78,C
3269,54,E
3498,57,A
3357,42,A
2303,61,F
643,94,B
181,95,A
1219,38,E
3617,47,E
330,96,B
2593,90,C
2474,17,F
974,28,E
714,84,B
261,10,B
2367,98,E
2640,33,C
432,100,D
2158,16,E
3665,27,D
3105,39,F
829,99,B
3804,98,C
1366,85,D
3782,51,F
582,82,E
3729,46,B
471,14,C
3230,44,D
2613,24,A
2027,7,E
2191,70,D
838,20,D
3037,10,C
1598,91,F
2118,31,E
2824,46,C
3818,19,E
810,100,C
767,55,E
1197,43,F
2718,98,F
3485,97,D
2848,24,D
881,84,F
3544,38,B
525,33,A
112,75,F
3124,32,C
1319,13,B
1383,33,F
1429,83,A
1459,84,D
3442,86,A
2255,61,A
3828,52,B
3939,90,F
1388,51,F
3598,2,A
1237,72,A
3979,48,B
1966,19,B
348,76,C
3470,10,E
2336,45,F
3203,40,B
3561,76,D
2354,78,B
1726,57,D
825,30,A
2335,83,C
1073,47,B
2280,37,E
3681,99,C
3903,31,F
2272,87,A
3416,49,C
1008,7,F
2152,5,D
3281,11,E
1277,9,D
1793,14,E
491,42,D
625,4,C
3913,41,D
1980,40,E
3506,51,A
1170,31,E
3021,97,B
554,71,F
1659,65,A
3724,83,D
3266,89,F
2776,97,E
3595,82,C
1874,16,E
763,10,E
197,68,A
3832,88,A
797,55,B
2103,20,D
497,12,F
1201,43,D
3385,63,F
3623,12,A
1219,55,E
2556,20,F
1176,40,F
3566,52,E
965,1,F
463,94,B
2090,88,A
1775,94,B
3976,93,C
3886,21,A
1638,49,E
913,74,A
983,65,E
1296,26,D
3172,99,D
3512,68,E
1952,47,D
2287,70,B
3224,31,D
3684,42,B
2146,30,F
2752,93,C
3815,71,B
509,55,C
1718,20,A
3434,23,B
3282,29,F
933,33,C
398,47,D
996,30,D
2887,53,B
560,45,F
732,92,D
3458,22,A
1708,30,F
607,61,B
828,19,A
725,22,F
2873,56,E
1864,26,F
818,33,F
445,63,D
232,71,F
3738,61,D
3912,10,D
1938,93,E
2189,66,E
2874,21,F
3513,44,D
1705,25,D
627,92,A
2861,88,B
926,74,A
1664,53,C
798,7,D
1881,70,E
2955,50,C
1052,17,F
3469,95,F
2039,13,A
559,80,E
464,39,D
2532,67,E
2158,78,A
408,94,E
2737,29,F
1730,49,E
266,72,F
2795,24,E
1558,36,D
69,67,D
606,66,C
938,8,F
1283,12,F
1250,61,C
375,84,C
2778,14,D
3457,53,D
1919,10,C
1308,37,D
2897,44,E
1665,32,F
2573,94,F
3163,25,C
3441,3,B
3662,11,F
1813,60,D
2001,41,C
1427,90,F
3832,46,E
2951,53,E
3144,17,A
960,75,A
1096,37,E
849,54,C
632,74,A
2378,84,C
1852,70,F
3827,86,C
3963,75,F
520,35,C
2697,31,E
3843,53,F
1915,66,C
3720,11,E
2330,97,C
2886,76,F
1572,17,A
831,19,E
2763,96,D
892,38,A
3070,63,E
722,99,A
550,48,D
2688,1,E
2838,1,C
2141,54,C
1057,61,E
595,75,E
1105,22,D
741,2,C
3652,32,C
2457,22,D
2194,61,D
442,59,D
3980,61,E
1337,97,D
3056,85,C
2687,29,D
1161,98,A
737,3,E
3505,25,F
183,97,A
2395,26,F
1282,37,D
485,67,C
571,19,F
1308,83,F
688,98,B
2397,32,B
2641,9,A
1177,65,D
3685,17,D
442,42,B
2684,1,E
768,58,A
1556,23,E
2232,61,B
3282,64,C
3444,92,D
2149,14,D
2217,96,B
1558,48,B
35,58,A
2487,67,C
1059,40,A
1945,51,B
3417,13,F
724,55,A
2347,40,A
3906,55,E
8,85,E
3262,89,A
65,63,F
2449,25,E
2799,74,F
3869,46,C
3615,69,E
3017,71,F
3046,95,F
1859,36,B
1949,30,B
2684,24,B
1063,12,E
2742,55,B
3612,75,C
90,11,C
601,76,E
2442,71,D
2091,43,C
1079,96,C
3042,70,A
3422,92,F
3701,33,B
3529,73,D
2021,40,C
1529,43,E
3245,48,D
2821,22,C
919,90,A
23,16,C
251,28,E
383,96,C
42,97,C
2989,47,B
2640,72,F
2448,3,F
675,68,E
1750,66,C
3829,97,C
856,26,F
2737,34,E
1171,24,D
103,74,E
1020,67,D
3581,17,F
3909,28,B
187,13,F
2106,11,C
2190,66,F
3915,61,D
3662,47,E
953,34,C
3971,5,C
2895,57,C
1647,89,E
810,68,B
1852,69,E
2765,24,B
636,46,A
3942,22,D
1196,54,A
2304,56,A
1818,66,D
1676,2,E
471,55,A
459,17,A
1742,30,E
3752,43,D
3765,30,F
1742,10,E
2184,83,F
870,18,D
717,2,E
80,74,E
2703,17,F
1006,95,B
3568,27,E
3341,30,F
3851,41,C
208,7,F
1678,53,E
2209,52,C
3917,37,F
3878,88,F
1085,98,B
2857,39,E
569,53,F
3897,34,B
1849,66,E
233,8,E
1810,18,D
1847,6,C
3108,86,D
1713,81,F
51,24,D
1787,46,E
2502,92,B
3652,15,D
257,39,B
2131,21,C
3448,65,A
649,79,B
694,39,E
15,9,B
1046,29,F
919,99,B
1144,35,C
1132,9,B
1804,49,B
3645,58,D
1110,1,C
3772,46,D
805,55,B
2422,68,C
1934,24,A
2090,72,C
1019,46,C
1280,54,F
1795,14,B
2811,13,D
701,68,F
3937,39,C
2796,66,E
3702,55,F
3899,13,F
3325,25,E
70,83,F
1763,80,F
918,12,D
2941,3,F
792,22,C
2474,13,D
1401,16,A
1699,8,F
2666,68,E
1571,74,C
468,78,F
411,38,F
2318,9,E
2370,5,A
1090,56,E
3425,24,D
770,29,A
1098,35,E
363,34,B
3265,27,E
2489,35,A
1446,41,B
3461,25,B
2016,96,A
3490,79,B
3619,67,A
3424,62,D
3749,97,C
3085,50,C
3211,16,D
2666,60,C
1830,57,D
2755,8,A
1465,26,B
3355,15,A
795,33,B
840,35,B
2948,11,B
2359,76,F
534,45,E
3669,70,A
401,21,C
1988,69,C
3890,66,D
2387,70,F
3010,3,D
2774,9,A
2429,30,D
172,82,C
1195,66,F
2502,23,C
181,50,C
2925,82,C
1720,40,A
94,73,A
2045,26,A
2821,100,B
2334,62,B
1144,92,B
57,13,C
2346,35,D
3228,6,E
1058,29,A
1527,47,A
1063,96,A
1988,28,D
2587,42,E
1556,12,B
2234,40,D
1349,95,F
2585,100,C
2382,50,F
2156,64,D
1815,47,E
3457,38,C
3594,13,F
569,70,F
2701,32,E
1940,88,A
1384,53,B
1613,25,D
630,99,A
3575,49,A
55,32,D
256,87,C
843,40,D
193,69,A
57,24,F
544,48,B
1242,3,F
868,38,A
3715,40,F
2812,66,E
2712,63,D
2652,38,F
2814,77,F
2582,59,B
723,61,E
3936,47,D
275,36,B
2896,94,C
2120,43,F
2166,36,C
3421,60,C
1864,64,E
638,95,F
2303,80,E
3647,21,A
2003,70,E
1692,51,C
2059,30,E
2392,53,A
988,87,A
1715,47,B
839,96,B
250,4,C
3275,11,C
2147,11,B
24,75,F
2426,21,A
58,75,F
765,19,E
3072,35,E
2222,57,B
1624,56,D
2534,80,F
2752,12,B
1327,56,B
1181,14,F
2066,51,B
2702,3,C
236,99,E
1686,91,E
1400,49,E
2184,94,A
2807,10,C
3423,22,A
1806,40,E
3487,28,F
3386,39,F
2209,74,F
1494,38,C
1209,79,D
501,70,F
2183,72,C
1261,12,D
1508,73,D
1033,62,D
3062,54,C
2931,26,A
585,61,B
3726,49,E
1398,43,B
2434,38,F
675,65,F
153,78,C
3916,39,A
1072,71,E
3771,99,E
891,3,A
881,93,A
823,88,A
1643,32,A
2622,98,E
518,42,F
1574,2,A
125,15,F
1885,59,C
3586,34,F
2385,18,D
1550,14,F
1943,7,C
552,76,D
1264,35,B
2881,5,C
3976,51,F
1297,49,A
432,6,D
1356,96,B
1162,85,B
732,44,A
192,73,F
2491,99,A
3684,40,C
138,55,A
2489,56,E
1367,29,F
2113,45,F
2735,8,C
2495,77,B
640,46,A
2466,93,E
2141,6,C
3611,64,A
697,54,B
3523,54,C
3906,17,F
3212,50,E
3549,21,F
1022,86,E
2703,52,C
245,52,E
829,34,C
2814,66,D
2099,75,D
3545,83,E
1026,72,C
3203,35,B
2421,77,C
1844,31,A
1838,47,B
2192,98,B
1420,57,E
3418,87,C
2563,99,D
3032,83,F
360,92,E
3495,21,D
1988,56,A
2472,72,D
1366,7,D
2413,70,F
3125,47,B
1121,36,F
1173,4,D
2196,15,F
2226,90,A
3577,96,E
2075,92,D
2461,94,D
1508,79,A
3891,41,D
255,84,C
1217,28,B
1127,52,D
2225,28,A
1195,2,A
2315,94,B
372,23,B
1452,57,E
3178,64,D
1565,34,C
2566,49,F
1515,54,D
967,2,E
940,46,A
355,94,C
2741,23,E
2021,29,A
687,68,F
1897,21,E
3903,50,E
1326,42,C
2226,27,B
3992,55,B
2330,11,A
2672,46,E
940,64,F
575,38,B
548,90,E
3282,42,B
848,42,E
741,78,B
3478,95,D
63,14,F
3723,76,A
720,37,A
3035,25,F
1141,62,D
2571,28,A
3776,62,D
67,71,F
219,61,E
218,91,B
900,93,A
1609,72,D
1980,77,B
1978,48,D
2909,67,E
2717,22,C
3606,5,F
678,51,F
2713,79,F
3666,68,E
991,89,E
3967,63,A
1983,13,E
263,75,E
1857,55,E
782,78,F
1086,83,A
2723,13,A
1620,78,C
3152,43,F
2438,73,D
79,47,C
361,88,C
378,83,F
3408,32,D
3150,91,E
925,26,B
1710,59,F
2349,81,A
1898,80,A
3691,9,B
3508,46,C
2239,66,B
2987,88,F
471,38,C
499,70,E
2488,51,D
1732,74,E
137,62,C
2832,73,E
3336,73,A
3920,54,F
3302,89,F
478,42,A
2483,52,D
1258,58,E
2395,23,A
1850,15,D
665,54,E
2473,90,B
989,81,D
3811,41,B
891,84,C
1452,17,E
3931,25,F
678,26,D
1053,3,B
793,93,A
356,60,F
235,66,C
3919,49,A
2361,37,F
2276,44,B
100,71,F
2544,75,B
949,66,E
817,45,D
3579,9,D
205,95,C
717,56,E
1661,66,C
2213,69,D
3486,31,F
1502,49,E
1701,84,F
3407,20,B
3897,20,F
1728,86,E
1931,30,F
2483,25,C
1346,87,B
1151,49,D
3739,89,D
1300,37,C
1722,86,E
1501,87,C
462,78,A
643,91,E
1489,64,C
3100,21,A
2410,75,C
3596,46,D
2701,50,A
3210,64,E
567,58,B
1564,47,D
1031,50,C
2246,67,D
2030,15,E
1836,87,B
3336,77,C
3713,97,B
3762,14,A
3593,71,D
2844,42,B
2307,70,A
852,39,D
3443,83,B
728,16,F
3403,15,A
3832,42,C
1505,45,D
2496,58,D
476,98,E
2444,98,C
2244,43,C
416,84,F
869,94,E
722,75,E
1479,64,A
47,17,B
1562,56,C
922,35,F
1247,45,F
1370,36,B
469,2,D
316,91,B
3611,82,D
1024,55,B
2174,32,D
2677,66,F
1336,85,E
3064,36,A
424,68,B
3252,7,D
623,57,D
2709,79,C
1281,33,A
3166,43,B
1647,14,B
3292,20,E
3100,53,A
2449,8,F
3671,64,E
2380,49,B
1189,15,E
1688,18,E
2389,31,F
2928,38,F
1735,39,C
1765,90,E
1964,84,E
3337,29,B
1403,47,F
3153,19,A
1469,41,E
496,86,C
1886,79,E
2493,52,C
3883,89,F
1192,70,A
3653,15,E
1758,87,F
3879,24,D
3422,47,E
1723,46,B
105,93,B
2731,16,B
1453,92,D
3243,91,D
774,91,A
2937,41,E
2832,48,B
1911,16,F
1779,74,C
207,93,F
1425,30,B
3441,68,A
2186,34,D
2847,1,D
4,88,A
378,71,A
1015,42,F
2125,86,D
3837,94,B
2253,16,D
2513,3,A
3148,56,A
2732,93,C
535,18,D
3056,53,B
1223,7,B
2946,37,D
3897,44,F
626,16,F
1777,47,E
1617,53,B
3850,1,B
3384,84,F
2598,60,C
3380,27,F
3245,54,D
462,9,E
291,60,F
3834,80,D
3760,72,A
2570,1,E
1071,95,A
1954,38,D
2399,30,F
2475,31,D
2503,58,F
2469,89,F
1306,57,A
1533,78,C
678,95,F
2043,24,B
2113,22,C
2936,36,B
1945,1,F
1606,83,D
2903,3,B
330,39,D
3708,43,E
2223,34,E
431,29,B
1075,46,C
3118,98,B
146,88,D
436,7,F
3124,9,B
3814,3,D
954,89,B
2897,51,A
1339,17,E
1423,76,A
2268,29,C
3276,19,A
688,26,E
3708,81,E
2559,50,F
2266,33,A
306,26,D
3278,69,C
2018,59,E
2747,51,A
1772,59,D
1146,57,F
2105,96,B
1545,18,E
1717,88,C
3848,81,F
3485,87,E
198,26,A
1451,13,C
1511,98,D
3218,27,F
2570,82,A
2644,67,B
2361,35,D
2328,25,F
236,3,F
2181,54,C
1422,65,A
1491,8,B
1605,16,B
2538,76,D
1806,20,F
1635,61,E
2937,27,F
2823,38,E
3723,9,F
2063,9,B
956,37,B
3840,21,D
1987,76,E
827,53,B
3041,90,C
142,10,A
291,90,A
3856,50,F
44,65,A
164,97,E
936,18,D
2721,14,F
3997,30,A
3293,27,C
450,34,E
1624,71,E
1838,52,F
3411,40,D
2993,35,F
923,46,C
1176,26,A
2333,79,D
2403,51,E
954,88,E
3663,4,A
1091,91,E
2929,80,C
2118,9,F
3146,60,F
1570,67,E
163,21,D
2058,72,E
2878,14,B
1102,63,E
786,50,F
433,34,A
3282,16,D
1331,17,A
3865,98,D
2660,38,B
3749,93,F
3695,24,A
1605,52,D
3379,7,F
1601,70,F
3615,38,A
3164,40,E
556,87,C
3311,60,F
1332,60,E
834,17,A
2772,60,D
1936,87,A
1996,60,B
3493,26,D
3815,66,C
2981,96,C
504,63,D
1396,30,F
161,20,C
1796,37,C
462,19,E
2116,84,C
3424,56,A
2748,7,A
48,10,C
2733,21,A
147,42,E
2838,49,A
3175,49,C
3458,57,F
2674,76,E
908,89,D
1373,46,F
256,11,B
3408,23,A
3171,36,B
3113,3,C
822,90,E
3484,12,E
2921,55,A
3756,59,D
2388,72,F
734,22,C
1346,16,D
761,23,E
766,48,B
251,97,A
1920,8,D
1493,19,E
3026,93,E
2817,30,C
3472,3,A
2291,60,A
570,50,A
1061,58,B
2900,19,D
1051,13,C
3611,19,A
3753,24,A
3200,42,D
2882,69,B
2714,73,E
2880,37,E
2862,71,B
1366,4,E
2862,18,B
323,39,F
3613,29,B
1129,32,A
3017,99,B
3515,6,C
707,46,E
2976,87,C
3785,7,F
2134,64,F
3118,16,F
890,77,E
263,14,B
2533,46,C
94,78,B
3067,25,C
1341,69,A
1193,35,B
2222,80,D
2726,32,A
3836,60,B
2008,89,E
3383,80,A
944,30,C
3949,32,E
607,32,D
3533,44,F
1401,77,F
616,51,E
810,4,B
521,62,B
3441,88,E
24,9,A
2944,55,A
3394,85,B
2279,4,E
3690,10,A
2441,91,A
2195,63,E
2415,29,C
2991,45,D
2264,48,F
275,42,F
3027,35,A
272,80,C
3103,61,C
923,64,E
608,23,E
1680,71,F
1648,62,A
402,15,E
1790,17,A
480,15,F
1541,2,D
1951,49,B
1208,16,B
3503,50,B
1942,70,F
1650,66,C
3162,74,C
773,23,C
3218,24,D
1879,53,C
1834,19,E
1940,15,A
836,83,D
3759,3,E
3919,59,B
2201,99,B
765,55,E
441,50,C
3183,33,B
1378,39,D
2062,4,D
1723,34,F
618,88,D
338,17,E
3155,71,E
3203,18,A
3356,68,C
1647,38,C
1293,80,B
2603,38,B
2760,93,E
1053,80,B
291,26,B
3293,60,D
877,56,A
3576,36,B
2128,22,C
556,13,E
3062,27,B
1273,95,C
1730,49,F
457,88,E
3770,71,E
325,21,B
3539,87,F
1196,79,D
1021,67,B
898,77,F
157,21,A
749,15,C
2279,52,F
1902,29,D
53,54,F
1983,55,F
3244,8,C
3098,8,E
676,75,B
853,14,F
1369,62,D
1492,83,B
2131,8,A
1245,70,A
2022,45,A
755,42,A
2296,51,B
2925,57,B
921,85,B
1911,96,C
1586,70,F
2034,2,A
3683,24,A
3267,8,C
830,78,C
3415,87,F
250,21,E
2631,56,A
1187,43,D
3026,31,C
506,70,F
1464,45,F
1081,92,B
2278,60,E
1931,79,D
1088,11,E
159,70,B
2451,11,E
3642,71,E
2813,10,C
169,53,A
667,72,A
3345,88,E
1933,36,E
1363,9,E
1976,86,E
2970,6,A
3979,59,F
2788,20,C
2795,74,B
1954,100,C
2017,59,C
2500,69,B
3187,87,D
1571,69,B
2642,92,A
2972,55,C
2311,4,D
1329,66,D
3499,3,A
2119,62,F
3744,78,C
3472,96,A
461,43,B
2427,80,E
3376,25,F
2354,57,C
1780,58,A
3531,45,B
424,80,C
2939,16,E
1500,58,D
872,31,C
2065,64,A
1040,18,B
1910,33,A
2394,57,C
899,70,D
1175,88,B
1063,97,F
1983,26,F
2474,74,D
2115,47,C
1114,59,F
448,98,B
3091,98,E
3881,43,B
3408,62,E
2411,87,E
2937,52,D
3851,89,E
399,60,C
653,73,A
3497,39,F
3829,32,F
3617,81,C
1314,50,C
1388,53,F
453,4,B
1590,73,C
1743,86,D
1888,77,C
3679,87,C
291,3,B
371,68,F
141,12,E
1057,1,F
414,63,B
2855,61,A
2113,35,D
2951,21,D
2850,50,B
2634,43,F
2605,23,D
2460,73,A
1237,93,B
1774,48,F
130,67,C
1643,100,C
533,51,B
2181,56,A
1654,43,E
3891,10,A
2370,87,E
2522,6,B
696,78,F
905,97,E
2478,82,A
248,65,A
2401,30,E
750,90,E
2281,81,C
2382,67,B
952,71,C
1059,97,E
742,88,E
3798,86,F
3041,84,C
2627,25,E
209,14,F
2230,34,B
3723,65,B
1760,59,D
1817,18,E
2249,100,E
2988,59,B
67,39,E
1765,87,C
543,2,C
1705,30,E
265,92,B
3415,16,F
1509,7,B
1727,62,D
3278,93,C
1550,8,E
1353,39,D
3352,24,B
58,81,A
2121,45,E
2576,46,A
1194,13,C
3196,40,F
1794,43,A
647,7,C
3045,78,A
3126,36,F
2064,89,C
2531,7,E
2370,81,D
3512,63,D
2291,90,D
1418,45,D
3528,87,D
66,70,A
2357,6,D
132,74,F
3940,45,F
1160,46,B
1508,43,A
2472,34,A
2817,39,E
612,86,F
3329,96,C
914,39,B
3672,91,A
2829,54,C
1418,56,A
893,52,B
3150,15,D
2736,77,E
3352,45,C
1418,21,B
2585,53,D
1929,51,F
3360,15,F
65,49,E
3653,63,E
2837,32,E
3987,34,A
3722,16,A
2769,78,B
2971,73,A
1710,59,D
2168,48,C
610,28,B
155,81,A
2687,16,F
3442,23,B
2307,53,A
1955,83,A
812,60,E
1641,82,F
3962,3,D
941,21,F
3333,64,A
1645,91,C
503,50,C
2227,68,F
3755,85,C
1304,50,D
122,31,D
488,44,E
1651,33,F
2440,36,F
2315,64,E
730,38,F
3433,28,B
3055,70,D
1323,20,A
2774,3,C
880,92,C
808,72,B
1888,45,B
1913,34,F
3517,14,F
3552,87,F
550,94,C
878,82,C
3713,46,A
2281,60,C
3735,28,A
1756,51,D
596,30,D
3167,68,F
1422,61,F
2250,34,A
300,95,E
127,70,F
3722,36,F
2903,47,A
893,37,A
2267,11,D
3527,90,B
1502,14,B
902,16,A
3128,97,C
2657,19,B
821,35,D
2123,15,D
3124,45,E
3961,90,B
973,92,D
2812,87,F
2689,26,B
2746,92,C
3782,25,C
2047,30,D
551,32,D
1648,87,E
1408,91,C
642,94,B
3911,53,D
2883,51,D
2928,72,E
887,9,A
3067,36,D
3670,9,B
3046,41,D
35,7,B
2560,53,B
3261,22,F
1125,91,B
969,49,E
1299,15,B
316,99,A
1726,88,D
1768,72,E
3392,38,C
764,38,E
532,9,F
1744,47,E
2916,83,B
456,27,A
1349,22,A
3729,4,C
536,83,D
3911,1,C
318,49,F
3233,86,F
164,90,B
1274,34,D
1353,2,A
1221,36,E
3760,40,F
3365,65,C
1659,33,C
3125,65,F
2490,93,C
2779,6,E
60,41,E
2960,80,C
1839,40,D
1487,10,E
124,64,D
227,72,E
2117,93,F
3045,91,E
3163,85,B
1024,20,B
2139,48,B
2984,98,E
1275,51,A
896,20,C
1370,42,E
1610,64,A
2085,27,F
3060,18,F
1073,34,C
1277,63,E
821,10,E
1986,80,F
1674,63,E
763,86,D
3199,15,E
2430,11,C
3592,91,A
1439,55,F
2538,61,C
1930,23,B
3128,74,F
3776,88,E
1246,47,E
344,10,A
661,30,D
533,95,D
1166,23,E
767,7,C
3968,87,D
2825,20,C
3931,90,D
1009,3,D
3724,77,C
2296,54,E
163,100,D
1372,98,B
2625,76,C
2226,46,F
1179,48,A
3805,34,F
2452,47,D
1491,35,C
3625,56,E
1305,93,E
2848,23,F
1720,18,A
3237,26,C
660,69,E
3339,80,C
